provinsi,produksi_laut_ton,produksi_perairan_umum_ton,nilai_produksi_tangkap_miliar,produksi_budidaya_ton,jumlah_rt_perikanan,pdrb_perikanan_miliar,ekspor_perikanan_ton,jumlah_kapal_perikanan
Aceh,TODO,TODO,TODO,TODO,TODO,TODO,TODO,TODO
Sumatera Utara,TODO,TODO,TODO,TODO,TODO,TODO,TODO,TODO
Sumatera Barat,TODO,TODO,TODO,TODO,TODO,TODO,TODO,TODO
Riau,TODO,TODO,TODO,TODO,TODO,TODO,TODO,TODO
Jambi,TODO,TODO,TODO,TODO,TODO,TODO,TODO,TODO
Sumatera Selatan,TODO,TODO,TODO,TODO,TODO,TODO,TODO,TODO
Bengkulu,TODO,TODO,TODO,TODO,TODO,TODO,TODO,TODO
Lampung,TODO,TODO,TODO,TODO,TODO,TODO,TODO,TODO
Kepulauan Bangka Belitung,TODO,TODO,TODO,TODO,TODO,TODO,TODO,TODO
Kepulauan Riau,TODO,TODO,TODO,TODO,TODO,TODO,TODO,TODO
DKI Jakarta,TODO,TODO,TODO,TODO,TODO,TODO,TODO,TODO
Jawa Barat,TODO,TODO,TODO,TODO,TODO,TODO,TODO,TODO
Jawa Tengah,TODO,TODO,TODO,TODO,TODO,TODO,TODO,TODO
DI Yogyakarta,TODO,TODO,TODO,TODO,TODO,TODO,TODO,TODO
Jawa Timur,TODO,TODO,TODO,TODO,TODO,TODO,TODO,TODO
Banten,TODO,TODO,TODO,TODO,TODO,TODO,TODO,TODO
Bali,TODO,TODO,TODO,TODO,TODO,TODO,TODO,TODO
Nusa Tenggara Barat,TODO,TODO,TODO,TODO,TODO,TODO,TODO,TODO
Nusa Tenggara Timur,139067,TODO,TODO,TODO,TODO,TODO,TODO,TODO
Kalimantan Barat,TODO,TODO,TODO,TODO,TODO,TODO,TODO,TODO
Kalimantan Tengah,TODO,TODO,TODO,TODO,TODO,TODO,TODO,TODO
Kalimantan Selatan,TODO,TODO,TODO,TODO,TODO,TODO,TODO,TODO
Kalimantan Timur,TODO,TODO,TODO,TODO,TODO,TODO,TODO,TODO
Kalimantan Utara,TODO,TODO,TODO,TODO,TODO,TODO,TODO,TODO
Sulawesi Utara,TODO,TODO,TODO,TODO,TODO,TODO,TODO,TODO
Sulawesi Tengah,TODO,TODO,TODO,TODO,TODO,TODO,TODO,TODO
Sulawesi Selatan,TODO,TODO,TODO,TODO,TODO,TODO,TODO,TODO
Sulawesi Tenggara,TODO,TODO,TODO,TODO,TODO,TODO,TODO,TODO
Gorontalo,TODO,TODO,TODO,TODO,TODO,TODO,TODO,TODO
Sulawesi Barat,TODO,TODO,TODO,TODO,TODO,TODO,TODO,TODO
Maluku,TODO,TODO,TODO,TODO,TODO,TODO,TODO,TODO
Maluku Utara,TODO,TODO,TODO,TODO,TODO,TODO,TODO,TODO
Papua Barat,TODO,TODO,TODO,TODO,TODO,TODO,TODO,TODO
Papua,TODO,TODO,TODO,TODO,TODO,TODO,TODO,TODO
